model_name,predictions,pqs_modified,total_modified_files,parsed_files_reported_by_batfish,verification_state,verification_error,count_passed,count_partially_parsed,count_failed,count_unknown
Qwen2.5-7B-QLoRA+NoRAG_topo,"[configs/router1.cfg]
!RANCID-CONTENT-TYPE: cisco
!
hostname R1
interface Ethernet0/0
 ip address 10.0.1.1 255.255.255.0
!
interface Ethernet0/1
 ip address 10.0.12.1 255.255.255.0
!
interface Ethernet0/2
 ip address 10.0.14.1 255.255.255.0
!
!
end
[/configs/router1.cfg]",1.0,1,1,VERIFIED,,1,0,0,0
Qwen2.5-7B-QLoRA+NoRAG_topo,"[configs/router1.cfg]
!RANCID-CONTENT-TYPE: cisco
!
hostname R1
!
enable
enable secret level 15 Str0ng!Pass
enable password cisco123
!
end
[/configs/router1.cfg]",0.5,1,1,VERIFIED,,0,1,0,0
Qwen2.5-7B-QLoRA+NoRAG_topo,"[configs/router2.cfg]
!RANCID-CONTENT-TYPE: cisco
!
hostname R2
!
line console 0
 exec-timeout 10 30
!
!
end
[/configs/router2.cfg]",1.0,1,1,VERIFIED,,1,0,0,0
Qwen2.5-7B-QLoRA+NoRAG_topo,"[configs/router3.cfg]
!RANCID-CONTENT-TYPE: cisco
!
hostname R3
!
exec timeout 0
!
end
[/configs/router3.cfg]",1.0,1,1,VERIFIED,,1,0,0,0
Qwen2.5-7B-QLoRA+NoRAG_topo,"[configs/router1.cfg]
!RANCID-CONTENT-TYPE: cisco
!
hostname R1
!
interface Ethernet0/0
 description Link to SW1
 ip address 10.0.1.1 255.255.255.0
 no shutdown
!
!
end
[/configs/router1.cfg]",1.0,1,1,VERIFIED,,1,0,0,0
Qwen2.5-7B-QLoRA+NoRAG_topo,"[configs/switch1.cfg]
!RANCID-CONTENT-TYPE: cisco
!
hostname SW1
!
interface vlan 20
 ip address 10.0.20.1 255.255.255.0
!
interface vlan 20
 ip address 10.0.20.1 255.255.255.0
!
!
end
[/configs/switch1.cfg]",1.0,1,1,VERIFIED,,1,0,0,0
Qwen2.5-7B-QLoRA+NoRAG_topo,"[configs/router1.cfg]
!RANCID-CONTENT-TYPE: cisco
!
hostname R1
!
router rip
 version 2
 network 10.0.1.0
 network 10.0.12.0
 no auto-summary
!
!
end
[/configs/router1.cfg]",1.0,1,1,VERIFIED,,1,0,0,0
Qwen2.5-7B-QLoRA+NoRAG_topo,"[configs/router2.cfg]
!RANCID-CONTENT-TYPE: cisco
!
hostname R2
!
interface loopback 0
 ip address 192.168.100.1 255.255.255.255
!
interface loopback 1
 ipv6 address 2001:db8:1::1/128
!
!
end
[/configs/router2.cfg]",1.0,1,1,VERIFIED,,1,0,0,0
Qwen2.5-7B-QLoRA+NoRAG_topo,"[configs/router1.cfg]
!RANCID-CONTENT-TYPE: cisco
!
hostname R1
!
ip domain-name network.lab
ip name-server 8.8.8.8
!
end
[/configs/router1.cfg]",1.0,1,1,VERIFIED,,1,0,0,0
Qwen2.5-7B-QLoRA+NoRAG_topo,"[configs/router3.cfg]
!RANCID-CONTENT-TYPE: cisco
!
hostname R3
!
interface loopback 0
 ip address 10.255.0.1 255.255.255.255
 ipv6 address 2001:db8:ffff::1/128
!
!
end
[/configs/router3.cfg]",1.0,1,1,VERIFIED,,1,0,0,0
Qwen2.5-7B-QLoRA+NoRAG_topo,"[configs/router4.cfg]
!RANCID-CONTENT-TYPE: cisco
!
hostname R4
enable secret MyS3cr3t
no exec idle-time
interface Ethernet0/0
 ip address 10.0.14.2 255.255.255.0
!
interface Ethernet0/1
 ip address 10.0.24.2 255.255.255.0
!
interface Ethernet0/2
 ip address 10.0.34.2 255.255.255.0
!
interface Fa0/0
 switchport mode access
 switchport access vlan 10
!
interface Fa0/1
 switchport mode access
 switchport access vlan 30
!
interface Fa0/2
 switchport mode trunk
 switchport trunk allowed vlan 10,20
!
interface Fa0/3
!
!
end
[/configs/router4.cfg]",0.5,1,1,VERIFIED,,0,1,0,0
Qwen2.5-7B-QLoRA+NoRAG_topo,"[configs/router.cfg]
!RANCID-CONTENT-TYPE: cisco
!
hostname Router
!
ip routing
!
end
[/configs/router.cfg]",1.0,1,1,VERIFIED,,1,0,0,0
Qwen2.5-7B-QLoRA+NoRAG_topo,"[configs/router.cfg]
!RANCID-CONTENT-TYPE: cisco
!
hostname Router
!
tacacs-server host 10.0.0.10
interface GigabitEthernet0/0
 key TacKey!
!
aaa new-model
!
aaa authentication login default group tacacs+
!
aaa authorization exec default group tacacs+ if-authenticated
!
aaa accounting exec start-stop default group tacacs+
!
line vty 0 4
 login authentication tacacs+
 login privilege level 15
!
ip ssh login
ip ssh key exchange diffie-hellman group14
ip ssh authentication keypair mykey
crypto key generate rsa modulus 2048
crypto key export mykey pkcs12 password mypassword
crypto key import mykey pkcs12 password mypassword
crypto key export mykey pem password mypassword
crypto key import mykey pem password mypassword
!
end
[/configs/router.cfg]",0.5,1,1,VERIFIED,,0,1,0,0
Qwen2.5-7B-QLoRA+NoRAG_topo,"[configs/router1.cfg]
!RANCID-CONTENT-TYPE: cisco
!
hostname R1
enable secret T0p$ecret
ip domain-name wan.corp
name-server 10.0.0.53
no ip name-server lookup
console exec-timeout 5 0
line vty 0 4
 exec-timeout 10 0
!
!
end
[/configs/router1.cfg]",0.5,1,1,VERIFIED,,0,1,0,0
Qwen2.5-7B-QLoRA+NoRAG_topo,"[configs/router1.cfg]
!RANCID-CONTENT-TYPE: cisco
!
hostname R1
!
interface Ethernet0/1
 description 'WAN to R2'
 ip address 10.0.12.1 255.255.255.0
 no shutdown
 ip default-gateway 10.0.12.2
!
!
end
[/configs/router1.cfg]",1.0,1,1,VERIFIED,,1,0,0,0
Qwen2.5-7B-QLoRA+NoRAG_topo,"[configs/switch1.cfg]
!RANCID-CONTENT-TYPE: cisco
!
hostname SW1
enable secret Admin!2024
!
end
[/configs/switch1.cfg]",0.5,1,1,VERIFIED,,0,1,0,0
Qwen2.5-7B-QLoRA+NoRAG_topo,"[configs/router2.cfg]
!RANCID-CONTENT-TYPE: cisco
!
hostname R2
!
router rip
 version 2
 no auto-summary
!
interface Ethernet0/0
 passive-interface
!
!
end
[/configs/router2.cfg]",0.5,1,1,VERIFIED,,0,1,0,0
Qwen2.5-7B-QLoRA+NoRAG_topo,"[configs/switch1.cfg]
!RANCID-CONTENT-TYPE: cisco
!
hostname SW1
!
interface vlan 10
 ip address 10.0.10.1 255.255.255.0
!
interface vlan 20
 ip address 10.0.20.1 255.255.255.0
!
interface vlan 30
 ip address 10.0.30.1 255.255.255.0
!
interface vlan 99
 ip address 10.0.99.1 255.255.255.0
!
ip route vrf default 0.0.0.0/0 10.0.99.254
!
end
[/configs/switch1.cfg]",1.0,1,1,VERIFIED,,1,0,0,0
Qwen2.5-7B-QLoRA+NoRAG_topo,"[configs/router3.cfg]
!RANCID-CONTENT-TYPE: cisco
!
hostname R3
!
interface loopback 0
 ip address 1.1.1.1 255.255.255.255
!
interface loopback 1
 ip address 2.2.2.2 255.255.255.255
!
router ospf 1
 router-id 1.1.1.1
!
router ospf 1
 router-id 2.2.2.2
!
!
end
[/configs/router3.cfg]",1.0,1,1,VERIFIED,,1,0,0,0
Qwen2.5-7B-QLoRA+NoRAG_topo,"[configs/router2.cfg]
!RANCID-CONTENT-TYPE: cisco
!
hostname R2
enable secret P@ssw0rd!
ip domain-name branch.corp
name-server 8.8.8.8
no ip name-server lookup
interface loopback 0
 ip address 10.255.1.1 255.255.255.255
!
console exec-timeout 5 0
line vty 1 5
 exec-timeout 15 0
!
!
end
[/configs/router2.cfg]",0.5,1,1,VERIFIED,,0,1,0,0
Qwen2.5-7B-QLoRA+NoRAG_topo,"[configs/router1.cfg]
!RANCID-CONTENT-TYPE: cisco
!
hostname R1
!
interface Ethernet0/0.10
 encapsulation dot1q 10
 ip address 10.0.10.1 255.255.255.0
!
!
end
[/configs/router1.cfg]",1.0,1,1,VERIFIED,,1,0,0,0
Qwen2.5-7B-QLoRA+NoRAG_topo,"[configs/router3.cfg]
!RANCID-CONTENT-TYPE: cisco
!
hostname R3
!
interface Ethernet0/2
 encapsulation dot1q 40
 bridge-domain 2
 bridge-domain 2 vlan-id 40
!
!
end
[/configs/router3.cfg]",1.0,1,1,VERIFIED,,1,0,0,0
Qwen2.5-7B-QLoRA+NoRAG_topo,"[configs/router.cfg]
!RANCID-CONTENT-TYPE: cisco
!
hostname Router
!
interface Ethernet0/0
 ip address 10.0.1.1 255.255.255.0
 encapsulation dot1q 10
 ip address 10.0.1.1 255.255.255.0
 encapsulation dot1q 20
!
interface Ethernet0/1
 ip address 10.0.12.1 255.255.255.0
 encapsulation dot1q 10
 ip address 10.0.12.1 255.255.255.0
 encapsulation dot1q 20
!
interface Ethernet0/2
 ip address 10.0.14.1 255.255.255.0
 encapsulation dot1q 10
 ip address 10.0.14.1 255.255.255.0
 encapsulation dot1q 20
!
!
end
[/configs/router.cfg]",1.0,1,1,VERIFIED,,1,0,0,0
Qwen2.5-7B-QLoRA+NoRAG_topo,"[configs/switch1.cfg]
!RANCID-CONTENT-TYPE: cisco
!
hostname SW1
!
interface fastethernet 0/1
 auto-mdix on
!
!
end
[/configs/switch1.cfg]",0.5,1,1,VERIFIED,,0,1,0,0
Qwen2.5-7B-QLoRA+NoRAG_topo,"[configs/switch1.cfg]
!RANCID-CONTENT-TYPE: cisco
!
hostname SW1
!
interface fastethernet 0/24
 switchport mode trunk
 encapsulation dot1q
!
!
end
[/configs/switch1.cfg]",0.5,1,1,VERIFIED,,0,1,0,0
Qwen2.5-7B-QLoRA+NoRAG_topo,"[configs/router1.cfg]
!RANCID-CONTENT-TYPE: cisco
!
hostname R1
!
interface Ethernet0/0.20
 ip address 10.0.20.1 255.255.255.0
!
!
end
[/configs/router1.cfg]",1.0,1,1,VERIFIED,,1,0,0,0
Qwen2.5-7B-QLoRA+NoRAG_topo,"[configs/router3.cfg]
!RANCID-CONTENT-TYPE: cisco
!
hostname R3
!
interface Ethernet0/2.30
 ip address 10.0.30.1 255.255.255.0
!
!
end
[/configs/router3.cfg]",1.0,1,1,VERIFIED,,1,0,0,0
Qwen2.5-7B-QLoRA+NoRAG_topo,"[configs/router3.cfg]
!RANCID-CONTENT-TYPE: cisco
!
hostname R3
!
interface Ethernet0/2
 encapsulation dot1q vlan 30
 bridge-group 1
!
!
end
[/configs/router3.cfg]",0.5,1,1,VERIFIED,,0,1,0,0
Qwen2.5-7B-QLoRA+NoRAG_topo,"[configs/router1.cfg]
!RANCID-CONTENT-TYPE: cisco
!
hostname R1
!
interface Ethernet0/0
 encapsulation dot1q 10
 ip address 10.0.10.1 255.255.255.0
!
interface Ethernet0/0.20
 encapsulation dot1q 20
 ip address 10.0.20.1 255.255.255.0
!
ip routing
!
end
[/configs/router1.cfg]",1.0,1,1,VERIFIED,,1,0,0,0
Qwen2.5-7B-QLoRA+NoRAG_topo,"[configs/router4.cfg]
!RANCID-CONTENT-TYPE: cisco
!
hostname R4
!
interface Ethernet0/1
 ip unnumbered Loopback0
!
!
end
[/configs/router4.cfg]",1.0,1,1,VERIFIED,,1,0,0,0
Qwen2.5-7B-QLoRA+NoRAG_topo,"[configs/router2.cfg]
!RANCID-CONTENT-TYPE: cisco
!
hostname R2
!
interface Ethernet0/0
 ip address 10.0.12.2 255.255.255.0
 no shutdown
!
!
end
[/configs/router2.cfg]",1.0,1,1,VERIFIED,,1,0,0,0
Qwen2.5-7B-QLoRA+NoRAG_topo,"[configs/router3.cfg]
!RANCID-CONTENT-TYPE: cisco
!
hostname R3
!
interface Ethernet0/2
 ip address 10.0.2.1 255.255.255.0
 description LAN to SW2
 no shutdown
!
!
end
[/configs/router3.cfg]",1.0,1,1,VERIFIED,,1,0,0,0
Qwen2.5-7B-QLoRA+NoRAG_topo,"[configs/router1.cfg]
!RANCID-CONTENT-TYPE: cisco
!
hostname R1
!
interface Tunnel1
 ip address 172.16.0.1 255.255.255.248
 bandwidth 10000
 no ip redirects
 ip mtu 1400
 ip nhrp authentication cisco
 ip nhrp map multicast dynamic
 ip nhrp network-id 1
 ip nhrp holdtime 600
 ip nhrp nhs 10.0.12.2 nbma 172.16.0.2
 load-interval 30
 delay 1000
 no ip route-cache
 ip tcp adjust-mss 1360
 load-interval 30
 delay 1000
 no ip route-cache
 ip tcp adjust-mss 1360
 load-interval 30
 delay 1000
 no ip route-cache
 ip tcp adjust-mss 1360
!
!
end
[/configs/router1.cfg]",1.0,1,1,VERIFIED,,1,0,0,0
Qwen2.5-7B-QLoRA+NoRAG_topo,"[configs/router1.cfg]
!RANCID-CONTENT-TYPE: cisco
!
hostname R1
!
crypto isakmp key SecretKey123 10.0.12.2
!
!
end
[/configs/router1.cfg]",0.5,1,1,VERIFIED,,0,1,0,0
Qwen2.5-7B-QLoRA+NoRAG_topo,"[configs/router1.cfg]
!RANCID-CONTENT-TYPE: cisco
!
hostname R1
!
interface Ethernet0/0.10
 ip address 10.0.10.129 255.255.255.128
!
!
end
[/configs/router1.cfg]",1.0,1,1,VERIFIED,,1,0,0,0
Qwen2.5-7B-QLoRA+NoRAG_topo,"[configs/router4.cfg]
!RANCID-CONTENT-TYPE: cisco
!
hostname R4
!
interface loopback 0
 ip address 10.0.0.1 255.255.255.255
!
!
end
[/configs/router4.cfg]",1.0,1,1,VERIFIED,,1,0,0,0
Qwen2.5-7B-QLoRA+NoRAG_topo,"[configs/router.cfg]
!RANCID-CONTENT-TYPE: cisco
!
hostname Router
!
interface Ethernet0/0
 encapsulation dot1q 10
 ip address 10.0.10.1 255.255.255.0
!
interface Ethernet0/0
 encapsulation dot1q 20
 ip address 10.0.20.1 255.255.255.0
!
interface Ethernet0/0
 encapsulation dot1q 30
 ip address 10.0.30.1 255.255.255.0
!
interface Ethernet0/0
 encapsulation dot1q 99
 ip address 10.0.99.1 255.255.255.0
!
ip routing
!
end
[/configs/router.cfg]",1.0,1,1,VERIFIED,,1,0,0,0
Qwen2.5-7B-QLoRA+NoRAG_topo,"[configs/router3.cfg]
!RANCID-CONTENT-TYPE: cisco
!
hostname R3
!
interface Ethernet0/2
 encapsulation dot1q 30
 ip address 10.0.30.1 255.255.255.0
!
interface Ethernet0/2
 encapsulation dot1q 40 native
 ip address 10.0.40.1 255.255.255.0
!
interface Loopback0
 ip address 10.255.3.3 255.255.255.255
!
ip routing
!
end
[/configs/router3.cfg]",0.5,1,1,VERIFIED,,0,1,0,0
Qwen2.5-7B-QLoRA+NoRAG_topo,"[configs/switch2.cfg]
!RANCID-CONTENT-TYPE: cisco
!
hostname SW2
!
interface fastethernet 0/24
 auto-mdix on
 duplex full
!
!
end
[/configs/switch2.cfg]",0.5,1,1,VERIFIED,,0,1,0,0
Qwen2.5-7B-QLoRA+NoRAG_topo,"[configs/router4.cfg]
!RANCID-CONTENT-TYPE: cisco
!
hostname R4
!
interface Ethernet0/0
 ip unnumbered Loopback0
!
interface Ethernet0/1
 ip unnumbered Loopback0
!
!
end
[/configs/router4.cfg]",1.0,1,1,VERIFIED,,1,0,0,0
Qwen2.5-7B-QLoRA+NoRAG_topo,"[configs/switch1.cfg]
!RANCID-CONTENT-TYPE: cisco
!
hostname SW1
!
interface FastEthernet0/1
 lacp fast-rate timer 100
!
!
end
[/configs/switch1.cfg]",1.0,1,1,VERIFIED,,1,0,0,0
Qwen2.5-7B-QLoRA+NoRAG_topo,"[configs/switch1.cfg]
!RANCID-CONTENT-TYPE: cisco
!
hostname SW1
!
spanning-tree vlan 10 uplinkfast max-update-rate 150
spanning-tree vlan 20 uplinkfast max-update-rate 150
spanning-tree vlan 30 uplinkfast max-update-rate 150
spanning-tree vlan 40 uplinkfast max-update-rate 150
!
end
[/configs/switch1.cfg]",1.0,1,1,VERIFIED,,1,0,0,0
Qwen2.5-7B-QLoRA+NoRAG_topo,"[configs/switch2.cfg]
!RANCID-CONTENT-TYPE: cisco
!
hostname SW2
!
interface fastethernet 0/1
 spanning-tree guard root
!
!
end
[/configs/switch2.cfg]",1.0,1,1,VERIFIED,,1,0,0,0
Qwen2.5-7B-QLoRA+NoRAG_topo,"[configs/switch1.cfg]
!RANCID-CONTENT-TYPE: cisco
!
hostname SW1
!
interface fastethernet 0/1
 lacp port-priority 16000
!
!
end
[/configs/switch1.cfg]",1.0,1,1,VERIFIED,,1,0,0,0
Qwen2.5-7B-QLoRA+NoRAG_topo,"[configs/switch1.cfg]
!RANCID-CONTENT-TYPE: cisco
!
hostname SW1
!
interface vlan 30
 private
!
vtp mode transparent
interface range fa0/1 - 24
 switchport mode access
 switchport access vlan 10
!
interface range fa0/1 - 24
 switchport mode trunk
 switchport trunk allowed vlan 10,20
!
!
end
[/configs/switch1.cfg]",0.5,1,1,VERIFIED,,0,1,0,0
Qwen2.5-7B-QLoRA+NoRAG_topo,"[configs/switch2.cfg]
!RANCID-CONTENT-TYPE: cisco
!
hostname SW2
!
interface vlan 30
!
interface vlan 301
 private-vlan isolated
!
interface vlan 302
 private-vlan community
!
interface vlan 30
 private-vlan primary
!
!
end
[/configs/switch2.cfg]",0.5,1,1,VERIFIED,,0,1,0,0
Qwen2.5-7B-QLoRA+NoRAG_topo,"[configs/switch1.cfg]
!RANCID-CONTENT-TYPE: cisco
!
hostname SW1
!
interface fastethernet 0/1
 switchport mode access
 switchport access vlan 10
 spanning-tree portfast
 mac address-table aging-time 600
!
!
end
[/configs/switch1.cfg]",1.0,1,1,VERIFIED,,1,0,0,0
Qwen2.5-7B-QLoRA+NoRAG_topo,"[configs/switch1.cfg]
!RANCID-CONTENT-TYPE: cisco
!
hostname SW1
!
interface fastethernet 0/1
 switchport mode private-vlan
 switchport private-vlan trunk
 switchport private-vlan primary vlan 10
 switchport private-vlan secondary vlan 101
!
!
end
[/configs/switch1.cfg]",0.5,1,1,VERIFIED,,0,1,0,0
Qwen2.5-7B-QLoRA+NoRAG_topo,"[configs/switch1.cfg]
!RANCID-CONTENT-TYPE: cisco
!
hostname SW1
!
interface port-channel 1
 ipv6 ra-guard policy raguard-policy
!
!
end
[/configs/switch1.cfg]",1.0,1,1,VERIFIED,,1,0,0,0
Qwen2.5-7B-QLoRA+NoRAG_topo,"[configs/switch1.cfg]
!RANCID-CONTENT-TYPE: cisco
!
hostname SW1
!
spanning-tree vlan 10
spanning-tree vlan 10 forward-time 8
spanning-tree vlan 10 uftimer-update 200
!
end
[/configs/switch1.cfg]",1.0,1,1,VERIFIED,,1,0,0,0
Qwen2.5-7B-QLoRA+NoRAG_topo,"[configs/switch1.cfg]
!RANCID-CONTENT-TYPE: cisco
!
hostname SW1
!
interface fastethernet 0/1
 channel-group 1 mode active lacp fast-rate
 port-priority 4096
!
!
end
[/configs/switch1.cfg]",0.5,1,1,VERIFIED,,0,1,0,0
Qwen2.5-7B-QLoRA+NoRAG_topo,"[configs/switch1.cfg]
!RANCID-CONTENT-TYPE: cisco
!
hostname SW1
!
interface fastethernet 0/1
 switchport mode private-vlan trunk
 switchport private-vlan trunk allowed vlan 10,11,12
 switchport private-vlan primary 10
 switchport private-vlan secondary 11
!
interface vlan 10
 switchport mode private-vlan
 switchport private-vlan type primary
!
interface vlan 11
 switchport mode private-vlan
 switchport private-vlan type isolated
!
interface vlan 12
 switchport mode private-vlan
 switchport private-vlan type community
!
!
end
[/configs/switch1.cfg]",0.5,1,1,VERIFIED,,0,1,0,0
Qwen2.5-7B-QLoRA+NoRAG_topo,"[configs/switch1.cfg]
!RANCID-CONTENT-TYPE: cisco
!
hostname SW1
!
interface vlan 10
 name DATA
!
interface fa0/1
 switchport mode access
 switchport access vlan 10
!
interface fa0/24
 switchport mode trunk
 switchport trunk allowed vlan 10,20
!
!
end
[/configs/switch1.cfg]",1.0,1,1,VERIFIED,,1,0,0,0
Qwen2.5-7B-QLoRA+NoRAG_topo,"[configs/switch2.cfg]
!RANCID-CONTENT-TYPE: cisco
!
hostname SW2
!
interface fastethernet 0/1
 switchport mode access
 switchport access vlan 30
!
!
end
[/configs/switch2.cfg]",1.0,1,1,VERIFIED,,1,0,0,0
Qwen2.5-7B-QLoRA+NoRAG_topo,"[configs/switch1.cfg]
!RANCID-CONTENT-TYPE: cisco
!
hostname SW1
!
interface fastethernet 0/24
 switchport mode trunk
 switchport trunk allowed vlan 10,20
!
!
end
[/configs/switch1.cfg]",1.0,1,1,VERIFIED,,1,0,0,0
Qwen2.5-7B-QLoRA+NoRAG_topo,"[configs/switch2.cfg]
!RANCID-CONTENT-TYPE: cisco
!
hostname SW2
!
interface vlan 1
 spanning-tree vlan 1
 spanning-tree hello-time 2
 spanning-tree max-age 20
!
!
end
[/configs/switch2.cfg]",0.5,1,1,VERIFIED,,0,1,0,0
Qwen2.5-7B-QLoRA+NoRAG_topo,"[configs/switch1.cfg]
!RANCID-CONTENT-TYPE: cisco
!
hostname SW1
!
vtp mode transparent
vlan 10 name DATA
!
vlan 20 name VOICE
!
vlan 30 name MANAGEMENT
!
!
end
[/configs/switch1.cfg]",1.0,1,1,VERIFIED,,1,0,0,0
Qwen2.5-7B-QLoRA+NoRAG_topo,"[configs/switch1.cfg]
!RANCID-CONTENT-TYPE: cisco
!
hostname SW1
!
interface range fastethernet 0/1 - 24
 channel-group 1 mode active
 lacp
 load-balance src-dst-ip hash
!
interface fastethernet 0/1
 switchport mode access
 switchport access vlan 10
!
interface fastethernet 0/24
 switchport mode trunk
 switchport trunk allowed vlan 10,20
!
!
end
[/configs/switch1.cfg]",1.0,1,1,VERIFIED,,1,0,0,0
Qwen2.5-7B-QLoRA+NoRAG_topo,"[configs/switch2.cfg]
!RANCID-CONTENT-TYPE: cisco
!
hostname SW2
!
interface fastethernet 0/1
 lacp port-priority 64000
!
!
end
[/configs/switch2.cfg]",1.0,1,1,VERIFIED,,1,0,0,0
Qwen2.5-7B-QLoRA+NoRAG_topo,"[configs/switch1.cfg]
!RANCID-CONTENT-TYPE: cisco
!
hostname SW1
!
interface vlan 999
 description Remote SPAN VLAN
!
interface vlan 10
 switchport mode access
 switchport access vlan 10
 service instance 10 ethernet
 encapsulation dot1q 10
 bridge-domain 10
 ip address 10.0.1.1/24
 rspan destination vlan 999
!
interface vlan 999
 description Remote SPAN VLAN
!
interface vlan 10
 switchport mode access
 switchport access vlan 10
 service instance 10 ethernet
 encapsulation dot1q 10
 bridge-domain 10
 ip address 10.0.1.1/24
 rspan destination vlan 999
!
!
end
[/configs/switch1.cfg]",0.5,1,1,VERIFIED,,0,1,0,0
Qwen2.5-7B-QLoRA+NoRAG_topo,"[configs/router.cfg]
!RANCID-CONTENT-TYPE: cisco
!
hostname Router
!
ip access-list extended 110
 permit tcp any eq telnet host 10.0.0.0 0.0.255.255
!
!
end
[/configs/router.cfg]",0.5,1,1,VERIFIED,,0,1,0,0
Qwen2.5-7B-QLoRA+NoRAG_topo,"[configs/router2.cfg]
!RANCID-CONTENT-TYPE: cisco
!
hostname R2
!
ip access-list extended BLOCK-WEB
 deny http 192.168.2.0/24 10.10.1.5
 permit tcp any any eq 22
!
!
end
[/configs/router2.cfg]",0.5,1,1,VERIFIED,,0,1,0,0
Qwen2.5-7B-QLoRA+NoRAG_topo,"[configs/router2.cfg]
!RANCID-CONTENT-TYPE: cisco
!
hostname R2
!
interface Ethernet0/0
 ip access-group BLOCK-WEB in
!
!
end
[/configs/router2.cfg]",1.0,1,1,VERIFIED,,1,0,0,0
Qwen2.5-7B-QLoRA+NoRAG_topo,"[configs/switch1.cfg]
!RANCID-CONTENT-TYPE: cisco
!
hostname SW1
!
interface fastethernet 0/1
 ip source guard
 mac address-table static 00aa.bbcc.0001 vlan 10 ip 10.0.1.10
!
!
end
[/configs/switch1.cfg]",1.0,1,1,VERIFIED,,1,0,0,0
Qwen2.5-7B-QLoRA+NoRAG_topo,"[configs/switch1.cfg]
!RANCID-CONTENT-TYPE: cisco
!
hostname SW1
!
interface fastethernet 0/1
 switchport mode access
 switchport port-security maximum 3
 switchport port-security violation shutdown
!
!
end
[/configs/switch1.cfg]",1.0,1,1,VERIFIED,,1,0,0,0
Qwen2.5-7B-QLoRA+NoRAG_topo,"[configs/router1.cfg]
!RANCID-CONTENT-TYPE: cisco
!
hostname R1
!
ip service-object-group WEB-SERVICES
interface GigabitEthernet0/0
 protocol tcp
 port 80
 port 443
!
!
end
[/configs/router1.cfg]",0.5,1,1,VERIFIED,,0,1,0,0
Qwen2.5-7B-QLoRA+NoRAG_topo,"[configs/router1.cfg]
!RANCID-CONTENT-TYPE: cisco
!
hostname R1
!
zone-security
zone-pair security outside-inside source self destination self
 service-policy type inspect policy1
!
interface GigabitEthernet0/0
 zone inside
!
zone-pair security inside-outside source self destination self
 service-policy type inspect policy2
!
interface Ethernet0/1
 zone-member security inside
!
!
end
[/configs/router1.cfg]",0.5,1,1,VERIFIED,,0,1,0,0
Qwen2.5-7B-QLoRA+NoRAG_topo,"[configs/router3.cfg]
!RANCID-CONTENT-TYPE: cisco
!
hostname R3
!
ip access-list extended MGMT-ACL
 permit ip any any log 10
 deny ip any any log 20
 permit tcp any any eq 80 log 30
 deny ip any any log 40
!
!
end
[/configs/router3.cfg]",1.0,1,1,VERIFIED,,1,0,0,0
Qwen2.5-7B-QLoRA+NoRAG_topo,"[configs/router4.cfg]
!RANCID-CONTENT-TYPE: cisco
!
hostname R4
!
ip access-list extended xyz123
 permit ip host 10.5.5.10 any sequence 25
 deny   ip 10.6.6.0 0.0.0.255 any sequence 30
!
!
end
[/configs/router4.cfg]",1.0,1,1,VERIFIED,,1,0,0,0
Qwen2.5-7B-QLoRA+NoRAG_topo,"[configs/router2.cfg]
!RANCID-CONTENT-TYPE: cisco
!
hostname R2
!
ip access-list extended PROTECT-SERVER
 deny ip 172.20.0.0/16 any
 permit ip any any
!
!
end
[/configs/router2.cfg]",1.0,1,1,VERIFIED,,1,0,0,0
Qwen2.5-7B-QLoRA+NoRAG_topo,"[configs/router1.cfg]
!RANCID-CONTENT-TYPE: cisco
!
hostname R1
!
interface Ethernet0/0
 ip address 10.0.1.1 255.255.255.0
 ip access-group 120 out
 ip access-group LAN-IN in
!
!
end
[/configs/router1.cfg]",1.0,1,1,VERIFIED,,1,0,0,0
Qwen2.5-7B-QLoRA+NoRAG_topo,"[configs/router1.cfg]
!RANCID-CONTENT-TYPE: cisco
!
hostname R1
!
zone-pair security inside-to-outside source self destination self
 service-policy type inspect policy-map-name zbfpolicy
!
policy-map type inspect zbfpolicy
 class type inspect voip
  inspect
!
 class type inspect http
  inspect
!
 class type inspect ftp
  inspect
!
 class type inspect dns
  inspect
!
 class type inspect icmp
  inspect
!
!
end
[/configs/router1.cfg]",1.0,1,1,VERIFIED,,1,0,0,0
Qwen2.5-7B-QLoRA+NoRAG_topo,"[configs/switch1.cfg]
!RANCID-CONTENT-TYPE: cisco
!
hostname SW1
!
interface fastethernet 0/1
 switchport mode access
 switchport voice vlan 20
 switchport limit 2
 mac security violation restrict
!
!
end
[/configs/switch1.cfg]",0.5,1,1,VERIFIED,,0,1,0,0
Qwen2.5-7B-QLoRA+NoRAG_topo,"[configs/switch1.cfg]
!RANCID-CONTENT-TYPE: cisco
!
hostname SW1
!
interface fastethernet 0/1
 ip access-group 2 in
!
!
end
[/configs/switch1.cfg]",1.0,1,1,VERIFIED,,1,0,0,0
Qwen2.5-7B-QLoRA+NoRAG_topo,"[configs/router1.cfg]
!RANCID-CONTENT-TYPE: cisco
!
hostname R1
!
ip access-list standard 10
 permit host 192.168.1.100 any
!
!
end
[/configs/router1.cfg]",0.5,1,1,VERIFIED,,0,1,0,0
Qwen2.5-7B-QLoRA+NoRAG_topo,"[configs/router.cfg]
!RANCID-CONTENT-TYPE: cisco
!
hostname Router
!
ip nat inside source list 1 pool 101 protocol ip
ip nat outside interface Ethernet0/0
access-list 1 permit 10.0.1.0 0.0.0.255
ip nat inside source list 1 pool 101 protocol ip
ip nat outside interface Ethernet0/0
!
end
[/configs/router.cfg]",0.5,1,1,VERIFIED,,0,1,0,0
Qwen2.5-7B-QLoRA+NoRAG_topo,"[configs/router3.cfg]
!RANCID-CONTENT-TYPE: cisco
!
hostname R3
!
ip access-list extended 150
 deny icmp 10.0.0.0/8 any
 permit tcp any 172.16.0.0/12 eq 443
 permit udp any any eq 53
 permit tcp any host 10.0.23.1 eq 22
 deny ip any any log
!
!
end
[/configs/router3.cfg]",1.0,1,1,VERIFIED,,1,0,0,0
Qwen2.5-7B-QLoRA+NoRAG_topo,"[configs/router.cfg]
!RANCID-CONTENT-TYPE: cisco
!
hostname Router
!
interface Ethernet0/0
 ip address 10.0.1.1 255.255.255.0
 zone-member inside
!
interface Ethernet0/1
 ip address 10.0.12.1 255.255.255.0
 zone-member dmz
!
interface Ethernet0/2
 ip address 10.0.14.1 255.255.255.0
 zone-member outside
!
zone-pair security ZBFW-IN source inside destination outside
 service-policy type inspect ZBFW-IN
!
zone-pair security ZBFW-DMZ source dmz destination outside
 service-policy type inspect ZBFW-DMZ
!
!
end
[/configs/router.cfg]",1.0,1,1,VERIFIED,,1,0,0,0
Qwen2.5-7B-QLoRA+NoRAG_topo,"[configs/router2.cfg]
!RANCID-CONTENT-TYPE: cisco
!
hostname R2
!
ip access-list standard 20
 permit 192.168.1.0/24
 deny any
!
line vty 0 4
 service-policy input 20
!
!
end
[/configs/router2.cfg]",0.5,1,1,VERIFIED,,0,1,0,0
Qwen2.5-7B-QLoRA+NoRAG_topo,"[configs/switch1.cfg]
!RANCID-CONTENT-TYPE: cisco
!
hostname SW1
!
interface fastethernet 0/1
 switchport mode access
 switchport access vlan 10
 spanning-tree portfast
 spanning-tree guard root
 mac address-table static 00:11:22:33:44:55
!
interface fastethernet 0/2
 switchport mode access
 switchport access vlan 20
 spanning-tree portfast
 spanning-tree guard root
 mac address-table static 00:66:77:88:99:aa
!
interface fastethernet 0/3
 switchport mode access
 switchport access vlan 30
 spanning-tree portfast
 spanning-tree guard root
 mac address-table static 00:bb:cc:dd:ee:ff
!
!
end
[/configs/switch1.cfg]",1.0,1,1,VERIFIED,,1,0,0,0
Qwen2.5-7B-QLoRA+NoRAG_topo,"[configs/router.cfg]
!RANCID-CONTENT-TYPE: cisco
!
hostname Router
!
snmp-server enable traps hsrp
snmp-server host 10.0.1.5 version 2c public netops
!
end
[/configs/router.cfg]",1.0,1,1,VERIFIED,,1,0,0,0
Qwen2.5-7B-QLoRA+NoRAG_topo,"[configs/router1.cfg]
!RANCID-CONTENT-TYPE: cisco
!
hostname R1
!
interface Ethernet0/0
 ip address 10.0.1.1 255.255.255.0
 standby mac-refresh 60
 standby 2 follow HSRP-MAIN
!
!
end
[/configs/router1.cfg]",0.5,1,1,VERIFIED,,0,1,0,0
Qwen2.5-7B-QLoRA+NoRAG_topo,"[configs/router3.cfg]
!RANCID-CONTENT-TYPE: cisco
!
hostname R3
!
interface Ethernet0/2
 ip address 10.0.34.3 255.255.255.0
 standby 100 ip 10.0.34.2
 standby 100 preempt
 standby 100 timers 5 15
 standby 100 authentication text ""mysecret""
 standby 100 track interface Ethernet0/0 line-protocol
!
!
end
[/configs/router3.cfg]",0.5,1,1,VERIFIED,,0,1,0,0
Qwen2.5-7B-QLoRA+NoRAG_topo,"[configs/router.cfg]
!RANCID-CONTENT-TYPE: cisco
!
hostname Router
!
vrrp v3
interface GigabitEthernet0/0
 vrrp-group 1
 address-family ipv4
!
 virtual-ip 10.0.1.254
!
interface Ethernet0/0
 ip address 10.0.1.1 255.255.255.0
 vrrp 1 address-family ipv4
 vrrp 1 address-family ipv4
  virtual-ip 10.0.1.254
!
!
end
[/configs/router.cfg]",0.5,1,1,VERIFIED,,0,1,0,0
Qwen2.5-7B-QLoRA+NoRAG_topo,"[configs/router3.cfg]
!RANCID-CONTENT-TYPE: cisco
!
hostname R3
!
interface Ethernet0/2
 ip address 10.0.2.1 255.255.255.0
 glbp group 5
 hello 5 s hold-time 15 s
 load-balance weighted
 priority 120
 preempt delay minimum 30
!
!
end
[/configs/router3.cfg]",0.5,1,1,VERIFIED,,0,1,0,0
Qwen2.5-7B-QLoRA+NoRAG_topo,"[configs/router1.cfg]
!RANCID-CONTENT-TYPE: cisco
!
hostname R1
!
interface Ethernet0/0
 ip address 10.0.1.1 255.255.255.0
 standby 1 ip 10.0.1.254
 standby 1 priority 110
 standby 1 preempt
 standby 1 timers 3 10
!
!
end
[/configs/router1.cfg]",1.0,1,1,VERIFIED,,1,0,0,0
Qwen2.5-7B-QLoRA+NoRAG_topo,"[configs/router3.cfg]
!RANCID-CONTENT-TYPE: cisco
!
hostname R3
!
interface Ethernet0/2
 ipv6 vrrp 10 address 2001:db8:2::fe
 ipv6 vrrp 10 priority 150
 ipv6 vrrp 10 preempt delay minimum 5
!
!
end
[/configs/router3.cfg]",1.0,1,1,VERIFIED,,1,0,0,0
Qwen2.5-7B-QLoRA+NoRAG_topo,"[configs/router1.cfg]
!RANCID-CONTENT-TYPE: cisco
!
hostname R1
!
interface Ethernet0/0
 ip address 10.0.1.1 255.255.255.0
 standby 1 ip 10.0.1.254
 standby 1 priority 100
 standby 1 preempt
 standby 1 redirect
 standby 2 follow-group 1
!
!
end
[/configs/router1.cfg]",0.5,1,1,VERIFIED,,0,1,0,0
Qwen2.5-7B-QLoRA+NoRAG_topo,"[configs/router1.cfg]
!RANCID-CONTENT-TYPE: cisco
!
hostname R1
!
interface Ethernet0/0
 ip address 10.0.1.1 255.255.255.0
 standby 1 priority 100 preempt
 standby 1 ip 10.0.1.254
!
!
end
[/configs/router1.cfg]",0.5,1,1,VERIFIED,,0,1,0,0
Qwen2.5-7B-QLoRA+NoRAG_topo,"[configs/router3.cfg]
!RANCID-CONTENT-TYPE: cisco
!
hostname R3
!
interface Ethernet0/2
 ip address 10.0.2.254 255.255.255.0
 vrrp 1 address-family ipv4
 vrrp 1 address-family ipv4
  address 10.0.2.254
  priority 120
!
!
end
[/configs/router3.cfg]",0.5,1,1,VERIFIED,,0,1,0,0
Qwen2.5-7B-QLoRA+NoRAG_topo,"[configs/router1.cfg]
!RANCID-CONTENT-TYPE: cisco
!
hostname R1
!
interface Ethernet0/1
 ip address 10.0.12.1 255.255.255.0
 standby 1 preempt
 standby 1 track interface Ethernet0/1 line-protocol
 standby 1 decrement 20
!
!
end
[/configs/router1.cfg]",0.5,1,1,VERIFIED,,0,1,0,0
Qwen2.5-7B-QLoRA+NoRAG_topo,"[configs/router1.cfg]
!RANCID-CONTENT-TYPE: cisco
!
hostname R1
!
interface Ethernet0/0
 ip address 10.0.1.1 255.255.255.0
 bfd interval 300 min_rx 300 multiplier 3
 standby 1 priority 100 preempt
 standby 1 ip 10.0.1.2
!
!
end
[/configs/router1.cfg]",0.5,1,1,VERIFIED,,0,1,0,0
Qwen2.5-7B-QLoRA+NoRAG_topo,"[configs/router3.cfg]
!RANCID-CONTENT-TYPE: cisco
!
hostname R3
!
interface Ethernet0/2
 ip address 10.0.2.1 255.255.255.0
 glbp group 3
 hello 3 s hold-time 10 s
 redirect 1800 s
 timeout 28800 s
 load-balancing round-robin
 priority 90
 preempt delay minimum 45
!
!
end
[/configs/router3.cfg]",0.5,1,1,VERIFIED,,0,1,0,0
Qwen2.5-7B-QLoRA+NoRAG_topo,"[configs/router.cfg]
!RANCID-CONTENT-TYPE: cisco
!
hostname Router
!
vrrp v3
interface ethernet0/0
 vrrp 5 address-family ipv4
 address 10.0.1.254 mask 255.255.255.0
 priority 200
 preempt delay minimum 60
 advertise-interval 3
!
!
end
[/configs/router.cfg]",0.5,1,1,VERIFIED,,0,1,0,0
Qwen2.5-7B-QLoRA+NoRAG_topo,"[configs/router1.cfg]
!RANCID-CONTENT-TYPE: cisco
!
hostname R1
!
interface Ethernet0/0
 ip address 10.0.1.1 255.255.255.0
 standby 1 ip 10.0.1.253 priority 110 preempt timers 3/10
 standby 2 ip 10.0.1.254 priority 90 preempt timers 3/10
!
!
end
[/configs/router1.cfg]",0.5,1,1,VERIFIED,,0,1,0,0
Qwen2.5-7B-QLoRA+NoRAG_topo,"[configs/router.cfg]
!RANCID-CONTENT-TYPE: cisco
!
hostname Router
!
snmp-server enable traps hsrp
snmp-server host 10.0.1.5 public monitor
snmp-server host 10.0.1.6 public netmgmt
interface Ethernet0/0
 ip hsrp 10.0.1.1
 standby 1 priority 100
 standby 1 preempt delay minimum 30
 standby 1 timers 30 60
 standby 1 ip 10.0.1.2
 standby 1 track interface Ethernet0/1 line-protocol
 standby 1 track interface Ethernet0/2 line-protocol
 ip redirect 10.0.1.1
!
snmp-server enable traps hsrp
snmp-server host 10.0.1.5 public monitor
snmp-server host 10.0.1.6 public netmgmt
interface Ethernet0/0
 ip hsrp 10.0.1.1
 standby 1 priority 100
 standby 1 preempt delay minimum 30
 standby 1 timers 30 60
!
!
end
[/configs/router.cfg]",0.5,1,1,VERIFIED,,0,1,0,0
Qwen2.5-7B-QLoRA+NoRAG_topo,"[configs/router1.cfg]
!RANCID-CONTENT-TYPE: cisco
!
hostname R1
!
interface Ethernet0/0
 ip address 10.0.1.1/24
 ipv6 address 2001:db8:1::1/64
 vrrp 2 ip 10.0.1.254 priority 110 preempt
 vrrp 2 ipv6 2001:db8:1::fe priority 110
!
!
end
[/configs/router1.cfg]",0.5,1,1,VERIFIED,,0,1,0,0
Qwen2.5-7B-QLoRA+NoRAG_topo,"[configs/router3.cfg]
!RANCID-CONTENT-TYPE: cisco
!
hostname R3
!
interface Ethernet0/2
 ip address 10.0.2.1 255.255.255.0
 glbp group 10
 hello 5 s hold 18 s
 redirect 1800 timeout 28800
 host-dependent load-balancing
 priority 150
 preempt delay minimum 30
!
!
end
[/configs/router3.cfg]",0.5,1,1,VERIFIED,,0,1,0,0
Qwen2.5-7B-QLoRA+NoRAG_topo,"[configs/router1.cfg]
!RANCID-CONTENT-TYPE: cisco
!
hostname R1
!
interface Ethernet0/0.10
 ip address 10.0.10.1 255.255.255.0
 standby 1 ip 10.0.10.254
 standby 1 priority 110
 standby 1 preempt
!
interface Ethernet0/0.20
 ip address 10.0.20.1 255.255.255.0
 standby 2 ip 10.0.20.254
 standby 2 priority 110
 standby 2 preempt
!
interface Ethernet0/0.30
 ip address 10.0.30.1 255.255.255.0
 standby 3 ip 10.0.30.254
 standby 3 priority 100
 standby 3 preempt
!
!
end
[/configs/router1.cfg]",1.0,1,1,VERIFIED,,1,0,0,0
Qwen2.5-7B-QLoRA+NoRAG_topo,"[configs/router3.cfg]
!RANCID-CONTENT-TYPE: cisco
!
hostname R3
!
interface Ethernet0/2
 ip address 10.0.2.254 255.255.255.0
 glbp group 1
 virtual-ip 10.0.2.254
 round-robin load-balancing
!
!
end
[/configs/router3.cfg]",0.5,1,1,VERIFIED,,0,1,0,0
Qwen2.5-7B-QLoRA+NoRAG_topo,"[configs/router.cfg]
!RANCID-CONTENT-TYPE: cisco
!
hostname Router
!
router bgp 65001
 neighbor 10.0.12.2 remote-as 65002
 no auto-summary
 address-family ipv4 unicast
!
router bgp 65001
 neighbor 10.0.12.2 remote-as 65002
 no auto-summary
 address-family ipv4 unicast
!
!
end
[/configs/router.cfg]",1.0,1,1,VERIFIED,,1,0,0,0
Qwen2.5-7B-QLoRA+NoRAG_topo,"[configs/router.cfg]
!RANCID-CONTENT-TYPE: cisco
!
hostname Router
!
router bgp 65001
 neighbor 10.0.12.2 remote-as 65002
 address-family ipv4 unicast
  neighbor 10.0.12.2 activate
  neighbor 10.0.12.2 send-community both
!
route-map SET-MED permit 10
 match ip address prefix-list MED-PREFIX
 set med 100
!
interface Ethernet0/0
 ip address 10.0.1.1 255.255.255.0
!
interface Ethernet0/1
 ip address 10.0.12.1 255.255.255.0
!
interface Ethernet0/2
 ip address 10.0.14.1 255.255.255.0
!
!
end
[/configs/router.cfg]",0.5,1,1,VERIFIED,,0,1,0,0
Qwen2.5-7B-QLoRA+NoRAG_topo,"[configs/router2.cfg]
!RANCID-CONTENT-TYPE: cisco
!
hostname R2
!
router bgp 65002
 address-family ipv4 unicast
  aggregate-address 10.0.0.0/8 as-set
!
!
end
[/configs/router2.cfg]",1.0,1,1,VERIFIED,,1,0,0,0
Qwen2.5-7B-QLoRA+NoRAG_topo,"[configs/router1.cfg]
!RANCID-CONTENT-TYPE: cisco
!
hostname R1
!
ip vrf CUSTOMER-A
 rd 200:1
 route-target export 200:100
 route-target import 200:100
!
interface Ethernet0/2
!
ip vrf forwarding CUSTOMER-A
 ip address 10.0.14.1 255.255.255.0
!
!
end
[/configs/router1.cfg]",0.5,1,1,VERIFIED,,0,1,0,0
Qwen2.5-7B-QLoRA+NoRAG_topo,"[configs/router2.cfg]
!RANCID-CONTENT-TYPE: cisco
!
hostname R2
!
router ospfv3 2
 adjacency stagger initial 5 maximum 30
 address-family ipv4 unicast
  adjacency stagger initial 5 maximum 30
!
 address-family ipv6 unicast
  adjacency stagger initial 5 maximum 30
!
!
end
[/configs/router2.cfg]",0.5,1,1,VERIFIED,,0,1,0,0
Qwen2.5-7B-QLoRA+NoRAG_topo,"[configs/router.cfg]
!RANCID-CONTENT-TYPE: cisco
!
hostname Router
!
router bgp 65001
 neighbor 10.0.12.1 remote-as 65001
 maximum-ibgp-paths 4
!
route-map RR-NEXTHOP out
!
!
end
[/configs/router.cfg]",0.5,1,1,VERIFIED,,0,1,0,0
Qwen2.5-7B-QLoRA+NoRAG_topo,"[configs/router1.cfg]
!RANCID-CONTENT-TYPE: cisco
!
hostname R1
!
ip vrf MGMT
 rd 100:1
 route-target export 100:1
 route-target import 100:1
!
interface Ethernet0/1
 ip address 10.0.12.1 255.255.255.0
!
ip vrf forwarding MGMT
!
ip route vrf MGMT 192.168.50.0/24 10.0.12.2
!
end
[/configs/router1.cfg]",0.5,1,1,VERIFIED,,0,1,0,0
Qwen2.5-7B-QLoRA+NoRAG_topo,"[configs/router2.cfg]
!RANCID-CONTENT-TYPE: cisco
!
hostname R2
!
router bgp 65002
 address-family ipv4 unicast
  aggregate-address 10.0.0.0 mask 255.0.0.0
!
router bgp 65002
 address-family ipv4 unicast
  aggregate-address 10.0.0.0 mask 255.0.0.0
!
!
end
[/configs/router2.cfg]",0.5,1,1,VERIFIED,,0,1,0,0
Qwen2.5-7B-QLoRA+NoRAG_topo,"[configs/router1.cfg]
!RANCID-CONTENT-TYPE: cisco
!
hostname R1
!
router bgp 65001
 graceful-restart
 neighbor 10.0.12.2 remote-as 65001
 neighbor 10.0.12.2 update-source Loopback0
 neighbor 10.0.14.2 remote-as 65001
 neighbor 10.0.14.2 update-source Loopback0
 peer-group IBGP-PEERS
 neighbor 10.0.12.2 peer-group IBGP-PEERS
 neighbor 10.0.14.2 peer-group IBGP-PEERS
!
!
end
[/configs/router1.cfg]",0.5,1,1,VERIFIED,,0,1,0,0
Qwen2.5-7B-QLoRA+NoRAG_topo,"[configs/router1.cfg]
!RANCID-CONTENT-TYPE: cisco
!
hostname R1
!
router ospf 1
 network 10.0.12.0 0.0.0.255 area 0
!
interface Ethernet0/1
 ip ospf 1 cost 10
 ip ospf 1 authentication md5 key-chain mykeychain key-string ospfpass
!
!
end
[/configs/router1.cfg]",0.5,1,1,VERIFIED,,0,1,0,0
Qwen2.5-7B-QLoRA+NoRAG_topo,"[configs/router2.cfg]
!RANCID-CONTENT-TYPE: cisco
!
hostname R2
!
router eigrp 100
 network 10.0.0.0 0.255.255.255
 network 172.16.0.0 0.15.255.255
 no auto-summary
 timer hellotime 5
!
interface ethernet0/0
 ip address 10.0.12.2 255.255.255.0
!
!
end
[/configs/router2.cfg]",0.5,1,1,VERIFIED,,0,1,0,0
Qwen2.5-7B-QLoRA+NoRAG_topo,"[configs/router3.cfg]
!RANCID-CONTENT-TYPE: cisco
!
hostname R3
!
vrf definition CORP
 rd 100:10
 address-family ipv4 unicast
!
 address-family ipv6 unicast
!
ip vrf CORP
 rd 100:10
 address-family ipv4 unicast
!
 address-family ipv6 unicast
!
ip vrf CORP
 rd 100:10
 address-family ipv4 unicast
!
 address-family ipv6 unicast
!
ip vrf CORP
 rd 100:10
 address-family ipv4 unicast
!
 address-family ipv6 unicast
!
!
end
[/configs/router3.cfg]",0.5,1,1,VERIFIED,,0,1,0,0
Qwen2.5-7B-QLoRA+NoRAG_topo,"[configs/router.cfg]
!RANCID-CONTENT-TYPE: cisco
!
hostname Router
!
ip prefix-list ADVERTISED seq 5 permit 10.0.0.0/8 le 32
!
route-map POLICY-OUT permit 10
 match ip address prefix-list ADVERTISED
 set local-preference 200
!
router bgp 65001
 neighbor 10.0.12.2 remote-as 65001
 address-family ipv4 unicast
!
interface Ethernet0/1
 ip address 10.0.12.1 255.255.255.0
!
interface Ethernet0/0
 ip address 10.0.1.1 255.255.255.0
!
interface Ethernet0/2
 ip address 10.0.14.1 255.255.255.0
!
!
end
[/configs/router.cfg]",1.0,1,1,VERIFIED,,1,0,0,0
Qwen2.5-7B-QLoRA+NoRAG_topo,"[configs/router1.cfg]
!RANCID-CONTENT-TYPE: cisco
!
hostname R1
!
router ospf 1
 router-id 1.1.1.1
 network 10.0.1.0 0.0.0.255 area 0
!
interface Ethernet0/0
 ip address 10.0.1.1 255.255.255.0
!
interface Ethernet0/1
 ip address 10.0.12.1 255.255.255.0
!
interface Ethernet0/2
 ip address 10.0.14.1 255.255.255.0
!
!
end
[/configs/router1.cfg]",1.0,1,1,VERIFIED,,1,0,0,0
Qwen2.5-7B-QLoRA+NoRAG_topo,"[configs/router2.cfg]
!RANCID-CONTENT-TYPE: cisco
!
hostname R2
!
router ospf 1
 router-id 2.2.2.2
 network 10.0.12.0 0.0.0.255 area 0
 network 2.2.2.2 0.0.0.0 area 0
!
!
end
[/configs/router2.cfg]",1.0,1,1,VERIFIED,,1,0,0,0
Qwen2.5-7B-QLoRA+NoRAG_topo,"[configs/router1.cfg]
!RANCID-CONTENT-TYPE: cisco
!
hostname R1
!
router bgp 65001
 neighbor 10.0.14.2 remote-as 65001
 address-family ipv4 unicast
  neighbor 10.0.14.2 activate
!
interface Ethernet0/0
 ip address 10.0.1.1 255.255.255.0
!
interface Ethernet0/1
 ip address 10.0.12.1 255.255.255.0
!
interface Ethernet0/2
 ip address 10.0.14.1 255.255.255.0
!
!
end
[/configs/router1.cfg]",1.0,1,1,VERIFIED,,1,0,0,0
Qwen2.5-7B-QLoRA+NoRAG_topo,"[configs/router3.cfg]
!RANCID-CONTENT-TYPE: cisco
!
hostname R3
!
ipv6 unicast-routing
router ospfv3 1
 address-family ipv6 unicast
  adjacency stagger initial 10
  adjacency stagger maximum 50
!
!
end
[/configs/router3.cfg]",0.5,1,1,VERIFIED,,0,1,0,0
Qwen2.5-7B-QLoRA+NoRAG_topo,"[configs/router2.cfg]
!RANCID-CONTENT-TYPE: cisco
!
hostname R2
!
route-map RR-SET-NH permit 10
 set next-hop 10.0.12.1
!
router bgp 65001
 neighbor 10.0.12.1 remote-as 65001
 address-family ipv4 unicast
  route-map RR-SET-NH out
!
!
end
[/configs/router2.cfg]

[configs/router1.cfg]
!RANCID-CONTENT-TYPE: cisco
!
hostname R1
!
router bgp 65001
 neighbor 10.0.12.2 remote-as 65001
 address-family ipv4 unicast
  route-map RR-SET-NH in
!
!
end
[/configs/router1.cfg]",1.0,2,2,VERIFIED,,2,0,0,0
Qwen2.5-7B-QLoRA+NoRAG_topo,"[configs/router1.cfg]
!RANCID-CONTENT-TYPE: cisco
!
hostname R1
!
class-map match-dscp ef VOICE
 description Voice Traffic
!
policy-map QOS-POLICY
 class VOICE
  priority level 1000000 kbps
!
interface Ethernet0/0
 service-policy output QOS-POLICY
!
!
end
[/configs/router1.cfg]",0.5,1,1,VERIFIED,,0,1,0,0
Qwen2.5-7B-QLoRA+NoRAG_topo,"[configs/router4.cfg]
!RANCID-CONTENT-TYPE: cisco
!
hostname R4
!
ntp server 216.239.35.0
clock timezone EST -5
!
end
[/configs/router4.cfg]",1.0,1,1,VERIFIED,,1,0,0,0
Qwen2.5-7B-QLoRA+NoRAG_topo,"[configs/router1.cfg]
!RANCID-CONTENT-TYPE: cisco
!
hostname R1
!
interface Ethernet0/0
 ip address 10.0.1.1 255.255.255.0
 ip helper-address 10.0.1.5
 ip forward-protocol udp
!
interface Ethernet0/1
 ip address 10.0.12.1 255.255.255.0
!
interface Ethernet0/2
 ip address 10.0.14.1 255.255.255.0
!
!
end
[/configs/router1.cfg]",1.0,1,1,VERIFIED,,1,0,0,0
Qwen2.5-7B-QLoRA+NoRAG_topo,"[configs/router3.cfg]
!RANCID-CONTENT-TYPE: cisco
!
hostname R3
!
vrf definition TENANT1
 rd 300:1
 route-target export 300:1
 route-target import 300:1
!
interface Ethernet0/0
!
ip vrf forwarding TENANT1
 ip address 10.0.23.2 255.255.255.0
!
!
end
[/configs/router3.cfg]",1.0,1,1,VERIFIED,,1,0,0,0
Qwen2.5-7B-QLoRA+NoRAG_topo,"[configs/router2.cfg]
!RANCID-CONTENT-TYPE: cisco
!
hostname R2
!
interface Ethernet0/2
 ip address 10.0.24.2 255.255.255.0
 ip unnumbered Loopback0
!
interface Loopback0
 ip address 10.255.2.2 255.255.255.255
!
!
end
[/configs/router2.cfg]",1.0,1,1,VERIFIED,,1,0,0,0
Qwen2.5-7B-QLoRA+NoRAG_topo,"[configs/switch1.cfg]
!RANCID-CONTENT-TYPE: cisco
!
hostname SW1
!
ip dhcp snooping
ip dhcp snooping vlan 10
interface fastethernet 0/24
 ip dhcp snooping trust
!
!
end
[/configs/switch1.cfg]",1.0,1,1,VERIFIED,,1,0,0,0
Qwen2.5-7B-QLoRA+NoRAG_topo,"[configs/router1.cfg]
!RANCID-CONTENT-TYPE: cisco
!
hostname R1
!
interface Ethernet0/0
 ipv6 address 2001:db8:1::1/64
 ipv6 enable
!
ipv6 unicast-routing
!
end
[/configs/router1.cfg]",1.0,1,1,VERIFIED,,1,0,0,0
Qwen2.5-7B-QLoRA+NoRAG_topo,"[configs/router4.cfg]
!RANCID-CONTENT-TYPE: cisco
!
hostname R4
!
vrf definition BACKUP
 rd 200:2
 address-family ipv4 unicast
!
ip cef
ip cef vrf BACKUP
ip route vrf BACKUP 10.0.5.0/24 10.0.14.1 recursive-install
!
end
[/configs/router4.cfg]",1.0,1,1,VERIFIED,,1,0,0,0
Qwen2.5-7B-QLoRA+NoRAG_topo,"[configs/router3.cfg]
!RANCID-CONTENT-TYPE: cisco
!
hostname R3
!
interface Ethernet0/2
 ip address 10.0.34.3 255.255.255.0
 ip helper-address 10.0.2.5
 ip port-forwarding udp 67 69
!
!
end
[/configs/router3.cfg]",0.5,1,1,VERIFIED,,0,1,0,0
Qwen2.5-7B-QLoRA+NoRAG_topo,"[configs/switch1.cfg]
!RANCID-CONTENT-TYPE: cisco
!
hostname SW1
!
ip dhcp snooping
vlan 10 20
!
interface fastethernet 0/24
 ip dhcp snooping trust
!
ip dhcp snooping
vlan 10 20
!
interface fastethernet 0/24
 ip dhcp snooping trust
!
!
end
[/configs/switch1.cfg]",1.0,1,1,VERIFIED,,1,0,0,0
Qwen2.5-7B-QLoRA+NoRAG_topo,"[configs/router1.cfg]
!RANCID-CONTENT-TYPE: cisco
!
hostname R1
!
vrf definition VRF-A
 rd 65500:1
 route-target export 65500:1
 route-target import 65500:1
!
vrf definition VRF-B
 rd 65500:2
 route-target export 65500:2
 route-target import 65500:2
!
interface Ethernet0/1
!
ip vrf forwarding VRF-A
 ip address 10.0.12.1 255.255.255.0
!
interface Ethernet0/2
!
ip vrf forwarding VRF-B
 ip address 10.0.14.1 255.255.255.0
!
!
end
[/configs/router1.cfg]",1.0,1,1,VERIFIED,,1,0,0,0
Qwen2.5-7B-QLoRA+NoRAG_topo,"[configs/router1.cfg]
!RANCID-CONTENT-TYPE: cisco
!
hostname R1
!
interface Ethernet0/0
 ip address 10.0.1.1 255.255.255.0
 ipv6 address 2001:db8:1::1/64
 ipv6 unicast-routing
 ipv6 ospf 1 area 0.0.0.0
!
ipv6 router ospf 1 2001:db8:1::1
!
end
[/configs/router1.cfg]",1.0,1,1,VERIFIED,,1,0,0,0
Qwen2.5-7B-QLoRA+NoRAG_topo,"[configs/router1.cfg]
!RANCID-CONTENT-TYPE: cisco
!
hostname R1
!
ip dhcp pool LAN-POOL
 network 10.0.1.0 255.255.255.0
 default-router 10.0.1.1
 dns-server 8.8.8.8
 exclude 10.0.1.1 - 10.0.1.10
!
!
end
[/configs/router1.cfg]",0.5,1,1,VERIFIED,,0,1,0,0
Qwen2.5-7B-QLoRA+NoRAG_topo,"[configs/switch1.cfg]
!RANCID-CONTENT-TYPE: cisco
!
hostname SW1
!
interface vlan 1
 ip address 10.0.10.1 255.255.255.0
!
ip route 10.0.10.0/24 10.0.10.254
!
end
[/configs/switch1.cfg]",1.0,1,1,VERIFIED,,1,0,0,0
Qwen2.5-7B-QLoRA+NoRAG_topo,"[configs/router2.cfg]
!RANCID-CONTENT-TYPE: cisco
!
hostname R2
!
ip vrf ENTERPRISE
 rd 100:100
 route-target import 100:100
 route-target export 100:100
!
!
end
[/configs/router2.cfg]",0.5,1,1,VERIFIED,,0,1,0,0
Qwen2.5-7B-QLoRA+NoRAG_topo,"[configs/switch1.cfg]
!RANCID-CONTENT-TYPE: cisco
!
hostname SW1
!
ip dhcp snooping
vlan 10-20
!
ip verify source dynamic access-list 10 permit
interface fastethernet 0/24
 ip address 10.0.1.1/24
 ip access-group 10 out
!
!
end
[/configs/switch1.cfg]",1.0,1,1,VERIFIED,,1,0,0,0
Qwen2.5-7B-QLoRA+NoRAG_topo,"[configs/switch1.cfg]
!RANCID-CONTENT-TYPE: cisco
!
hostname SW1
!
interface vlan 10
 ip address 10.0.1.1 255.255.255.0
 ip helper-address 10.0.1.1
!
interface vlan 20
 ip address 10.0.2.1 255.255.255.0
 ip helper-address 10.0.1.1
!
interface vlan 30
 ip address 10.0.3.1 255.255.255.0
 ip helper-address 10.0.1.1
!
!
end
[/configs/switch1.cfg]",1.0,1,1,VERIFIED,,1,0,0,0
Qwen2.5-7B-QLoRA+NoRAG_topo,"[configs/router4.cfg]
!RANCID-CONTENT-TYPE: cisco
!
hostname R4
!
ntp authenticate
ntp authentication-key 1 md5 ntpkey
trust-key 1
!
end
[/configs/router4.cfg]",0.5,1,1,VERIFIED,,0,1,0,0
Qwen2.5-7B-QLoRA+NoRAG_topo,"[configs/router4.cfg]
!RANCID-CONTENT-TYPE: cisco
!
hostname R4
!
interface Ethernet0/1
 ip unnumbered Ethernet0/0
 ip address 10.0.14.2 255.255.255.0
 no shutdown
!
interface Ethernet0/0
 ip address 10.0.14.1 255.255.255.0
 no shutdown
!
!
end
[/configs/router4.cfg]",1.0,1,1,VERIFIED,,1,0,0,0
Qwen2.5-7B-QLoRA+NoRAG_topo,"[configs/router1.cfg]
!RANCID-CONTENT-TYPE: cisco
!
hostname R1
!
vrf definition WAN
 rd 1:1
 address-family ipv4 unicast
!
interface Ethernet0/1
!
ip vrf forwarding WAN
 ip address 10.0.12.1 255.255.255.0
!
interface Ethernet0/2
!
ip vrf forwarding WAN
 ip unnumbered Ethernet0/1
!
!
end
[/configs/router1.cfg]",1.0,1,1,VERIFIED,,1,0,0,0
Qwen2.5-7B-QLoRA+NoRAG_topo,"[configs/router3.cfg]
!RANCID-CONTENT-TYPE: cisco
!
hostname R3
!
ipv6 unicast-routing
interface Ethernet0/0
 ipv6 address 2001:db8:23::2/64
 ipv6 ospf 1 area 0
!
!
end
[/configs/router3.cfg]",1.0,1,1,VERIFIED,,1,0,0,0
Qwen2.5-7B-QLoRA+NoRAG_topo,"[configs/router4.cfg]
!RANCID-CONTENT-TYPE: cisco
!
hostname R4
!
ip vrf VPN1
 rd 10:1
!
interface Ethernet0/0
 ip address 10.0.14.2 255.255.255.0
!
ip vrf forwarding VPN1
!
!
end
[/configs/router4.cfg]",0.5,1,1,VERIFIED,,0,1,0,0
